id,horizonMD,horizonNoVolumes,horizonVolumes,esHistInno30D-Arcanist,esHistInno30D-ArcanistMD,esHistInno30D-Recco
913cbd16-9204-4894-8108-d1729d76b7cb,5,0,0,,,
96f070e8-1e8a-4889-8503-aca192ffb2c2,5,0,0,,0.121189,0.121189
fa9624f5-8d27-44fa-8b45-4bcfb1dee60f,5,0,0,,0.141469,0.141469
fbb1465a-1a23-4c4e-ab7d-d461629813db,5,0,0,,0.095218,0.095218
